﻿<?xml version="1.0" encoding="utf-8" ?>
<rodzina>
  <!-- rodzina model: 2+2 -->
  <osoba>
    <imie>Helena</imie>
    <nazwisko>Kot</nazwisko>
    <pseudonim>Hela</pseudonim>
    <wiek>35</wiek>
    <plec>K</plec>
  </osoba>
  <osoba>
    <imie>Oskar</imie>
    <nazwisko>Kot</nazwisko>
    <pseudonim>Smoku</pseudonim>
    <wiek>40</wiek>
    <plec>M</plec>
  </osoba>
  <osoba>
    <imie>Klaudia</imie>
    <nazwisko>Kot</nazwisko>
    <pseudonim>Kulka</pseudonim>
    <wiek>15</wiek>
    <plec>K</plec>
  </osoba>
  <osoba>
    <imie>Piotr</imie>
    <nazwisko>Kot</nazwisko>
    <pseudonim>Mały</pseudonim>
    <wiek>5</wiek>
    <plec>M</plec>
  </osoba>
  
</rodzina>